date,tavg,tmin,tmax,prcp,snow,wdir,wspd,wpgt,pres,tsun
2024-01-01 00:00:00,14.6,12.8,26,0,,,20.2,,1022.8,
2024-01-02 00:00:00,15.6,12,19.6,0,,,9.9,,1020.2,
2024-01-03 00:00:00,15.3,10.9,21.2,0,,,12.2,,1020.5,
2024-01-04 00:00:00,13.4,10.2,21.2,0,,,16.8,,1022.5,
2024-01-05 00:00:00,15.4,10.3,20.7,0,,,6.6,,1021.2,
2024-01-06 00:00:00,17,10.9,21,0,,,7.2,,1021.2,
2024-01-07 00:00:00,15.6,12.1,21,0,,,16.8,,1023.5,
2024-01-08 00:00:00,15.6,12.7,19,0,,,12.1,,1021.6,
2024-01-09 00:00:00,16.6,13.6,21,0,,,5.4,,1018.2,
2024-01-10 00:00:00,16.5,13,22,0,,,11.8,,1019.7,
2024-01-11 00:00:00,13.1,10.3,21.9,0,,,14.2,,1021.8,
2024-01-12 00:00:00,14.5,10.8,20,0,,,6.9,,1020.3,
2024-01-13 00:00:00,15.9,11,22,0,,,7.8,,1021.4,
2024-01-14 00:00:00,16.7,12,23,0,,,7.8,,1022.3,
2024-01-15 00:00:00,16.1,11.9,23,0,,,12.9,,1023.1,
2024-01-16 00:00:00,15.3,11.5,21.6,0,,,16,,1025,
2024-01-17 00:00:00,16.8,13,22,0,,,6.2,,1022,
2024-01-18 00:00:00,18.4,13.9,26,0,,,6.3,,1018.8,
2024-01-19 00:00:00,17.8,14.8,25.3,1.3,,,6.4,,1017.8,
2024-01-20 00:00:00,17.9,15.8,21,2.1,,,7.8,,1017.2,
2024-01-21 00:00:00,14.2,11.4,20.9,0,,,17.6,,1022.1,
2024-01-22 00:00:00,9.2,5.6,16.1,2.3,,,21.6,,1025.7,
2024-01-23 00:00:00,6.6,3,11.5,0,,,17.8,,1029.8,
2024-01-24 00:00:00,7.2,3,11,0,,,12.6,,1030.6,
2024-01-25 00:00:00,9.9,4.3,13.6,0,,,10.5,,1029.6,
2024-01-26 00:00:00,11.7,7.3,15.1,0,,,11.4,,1028.8,
2024-01-27 00:00:00,12.2,8.3,15.1,0,,,10.8,,1027.2,
2024-01-28 00:00:00,11.2,8.5,15,1.1,,,14.6,,1028.2,
2024-01-29 00:00:00,11.7,7.9,15,1.4,,,7.5,,1025.7,
2024-01-30 00:00:00,15,12.2,18,4.6,,,6.9,,1022.5,
2024-01-31 00:00:00,17.5,14.5,21,0,,,4.5,,1020.7,
2024-02-01 00:00:00,20.3,16.4,26,0,,,5.4,,1018.7,
2024-02-02 00:00:00,16,14.1,25.4,0,,,12,,1020,
2024-02-03 00:00:00,17.3,14.1,23,0.9,,,9.3,,1020.6,
2024-02-04 00:00:00,15.4,13.5,22.6,17.8,,,7.5,,1019,
2024-02-05 00:00:00,15.9,12.8,18,0,,,11,,1020.5,
2024-02-06 00:00:00,14.3,11.8,17,0,,,14.7,,1022.2,
2024-02-07 00:00:00,10.5,8.3,17,21.1,,,13.1,,1020,
2024-02-08 00:00:00,10.3,7.9,13,4,,,12,,1020,
2024-02-09 00:00:00,10.5,7.8,14,0.8,,,10.4,,1024.3,
2024-02-10 00:00:00,11.9,7.8,17,0,,,9.5,,1027,
2024-02-11 00:00:00,13.4,7,20,0,,,10.2,,1028.3,
2024-02-12 00:00:00,15,8.8,20.1,0,,,9.1,,1027.6,
2024-02-13 00:00:00,16.1,10.9,23,0,,,6.6,,1024.3,
2024-02-14 00:00:00,18.3,13,25,0,,,5.7,,1020.5,
2024-02-15 00:00:00,19.6,14,28,0,,,7.6,,1018.5,
2024-02-16 00:00:00,13.9,11.8,26.8,0,,,14.8,,1022.2,
2024-02-17 00:00:00,16.7,11.8,22.3,0,,,7,,1019.1,
2024-02-18 00:00:00,19.7,12.9,22.3,0,,,5.1,,1016.5,
2024-02-19 00:00:00,21.4,15.9,26.3,0,,,5.4,,1015.6,
2024-02-20 00:00:00,22.9,19,29,0,,,8.8,,1015.4,
2024-02-21 00:00:00,24.4,21,29,3,,,10.6,,1015.2,
2024-02-22 00:00:00,15.8,12.3,28.2,0,,,12.3,,1018.4,
2024-02-23 00:00:00,13.9,11,21.2,0,,,14.7,,1023,
2024-02-24 00:00:00,14.2,11,19,0,,,13.1,,1023.1,
2024-02-25 00:00:00,12.7,10,18.2,0,,,11.6,,1022.7,
2024-02-26 00:00:00,11.9,9.8,15,0,,,15.5,,1023.8,
2024-02-27 00:00:00,12.8,10,16,0.1,,,13.6,,1023.4,
2024-02-28 00:00:00,14.5,11.5,18,0,,,8.7,,1020.5,
2024-02-29 00:00:00,15.8,12.3,21,0.5,,,7.8,,1018.5,
2024-03-01 00:00:00,10.6,8.2,21,0.3,,,19.2,,1022.5,
2024-03-02 00:00:00,10.6,7.7,14,0,,,14.7,,1023.2,
2024-03-03 00:00:00,14.6,7.7,17.2,0,,,9.9,,1020,
2024-03-04 00:00:00,16.2,12.3,19,0,,,5.6,,1015.2,
2024-03-05 00:00:00,21,16.3,26,1.5,,,8.4,,1009.7,
2024-03-06 00:00:00,15.2,11.5,24.4,1,,,14.4,,1012.2,
2024-03-07 00:00:00,13.9,11.6,22.4,0,,,15.2,,1018.6,
2024-03-08 00:00:00,14.4,11,20,0,,,18.5,,1021,
2024-03-09 00:00:00,10.8,8.2,18.7,4.8,,,17,,1023.3,
2024-03-10 00:00:00,11.5,9,14,1.5,,,7.2,,1024.6,
2024-03-11 00:00:00,13.5,11.5,15,17.1,,,4.8,,1020.1,
2024-03-12 00:00:00,17.1,11.2,25,0,,,9,,1019.6,
2024-03-13 00:00:00,16.6,12,21,0,,,12.8,,1021.5,
2024-03-14 00:00:00,17.4,14.2,20.1,1.4,,,6.4,,1019.4,
2024-03-15 00:00:00,16.6,14.3,20.6,2.3,,,6.3,,1019.5,
2024-03-16 00:00:00,18.3,15.2,22,0.4,,,4.8,,1019,
2024-03-17 00:00:00,20.4,16,27,1.9,,,8.5,,1016.3,
2024-03-18 00:00:00,16.1,13.7,26.6,0,,,15.4,,1018.4,
2024-03-19 00:00:00,16.2,13.8,21.3,0,,,11,,1020.7,
2024-03-20 00:00:00,16.9,13,22,0,,,18.9,,1023.9,
2024-03-21 00:00:00,17.3,12.7,23,0,,,9.3,,1019.3,
2024-03-22 00:00:00,18.7,15.4,22,0,,,5.6,,1014.9,
2024-03-23 00:00:00,22.2,18,28,1.1,,,7,,1013.4,
2024-03-24 00:00:00,25.1,21,31,0.3,,,9,,1015,
2024-03-25 00:00:00,25.6,22,31,0,,,8.4,,1013.7,
2024-03-26 00:00:00,22.4,16.2,29.4,0,,,15.6,,1017.7,
2024-03-27 00:00:00,19.3,15.9,26.4,0,,,11.2,,1020.2,
2024-03-28 00:00:00,22.6,17,29,0.2,,,8,,1013.2,
2024-03-29 00:00:00,22.6,20,26,0,,,8.6,,1013.8,
2024-03-30 00:00:00,23.6,20,29,1.9,,,7.3,,1013.8,
2024-03-31 00:00:00,23.2,21,26,11.3,,,8,,1011,
2024-04-01 00:00:00,20.6,19.7,22.1,1.3,,,7.8,,1012.4,
2024-04-02 00:00:00,22.6,19.7,26,0.6,,,7.7,,1010.9,
2024-04-03 00:00:00,25.4,22,30,0.1,,,9.1,,1010.2,
2024-04-04 00:00:00,21.2,17.7,28.3,8.4,,,8.9,,1012.1,
2024-04-05 00:00:00,17.4,15.6,25.3,9.9,,,10.4,,1015.2,
2024-04-06 00:00:00,18.2,15.9,20,16.3,,,6.6,,1015.3,
2024-04-07 00:00:00,18.7,17.3,20,7.2,,,7.7,,1013.1,
2024-04-08 00:00:00,20,17.3,22,1.6,,,5.1,,1013,
2024-04-09 00:00:00,19.7,16.3,22,0,,,18.2,,1017.7,
2024-04-10 00:00:00,21.7,18.4,26,0,,,11.6,,1018.2,
2024-04-11 00:00:00,22.7,19.1,28,0,,,7.5,,1016.4,
2024-04-12 00:00:00,23.8,19.5,28,0,,,5.9,,1013.3,
2024-04-13 00:00:00,22.4,19.7,28,0,,,8.8,,1012.4,
2024-04-14 00:00:00,24.3,19.8,30,0,,,6.8,,1012.3,
2024-04-15 00:00:00,26.9,22,33,4.3,,,8.1,,1011.6,
2024-04-16 00:00:00,24.1,22.1,32.6,0.5,,,9.6,,1011.3,
2024-04-17 00:00:00,25.4,22.2,29,1.4,,,7.7,,1009.3,
2024-04-18 00:00:00,22.1,18.7,28.1,6.6,,,14.7,,1010,
2024-04-19 00:00:00,21.8,18.7,28.1,0.5,,,8,,1010.8,
2024-04-20 00:00:00,23.5,20.5,28,2,,,7.2,,1008.4,
2024-04-21 00:00:00,25.4,21.4,31,15.6,,,8.7,,1009.6,
2024-04-22 00:00:00,24.6,22.2,29.3,10.9,,,6.3,,1008.7,
2024-04-23 00:00:00,24.6,22.9,28,21.2,,,6,,1008,
2024-04-24 00:00:00,21.4,17.7,27.2,34.3,,,13.1,,1010.5,
2024-04-25 00:00:00,19.8,17.7,22.7,66.3,,,7.5,,1010.3,
2024-04-26 00:00:00,22,19.5,26,5.7,,,5.7,,1006.4,
2024-04-27 00:00:00,23.2,21.6,25,0.9,,,7,,1008.2,
2024-04-28 00:00:00,23.5,20.8,27,48.7,,,10.4,,1010,
2024-04-29 00:00:00,26.9,22.8,32,2.6,,,11.6,,1008.6,
2024-04-30 00:00:00,22.5,20.2,30.2,28.7,,,11.4,,1006.1,
2024-05-01 00:00:00,21.1,19,23,15.2,,,11.1,,1010,
2024-05-02 00:00:00,20.8,19,24,0.4,,,11.6,,1014.2,
2024-05-03 00:00:00,22.4,18.8,26,0.8,,,12.4,,1014.3,
2024-05-04 00:00:00,22.8,20.1,26,0.4,,,8.7,,1011.8,
2024-05-05 00:00:00,23.7,20.5,28,11.1,,,6.4,,1010,
2024-05-06 00:00:00,26.1,22.1,32,0,,,7.6,,1011.4,
2024-05-07 00:00:00,24.8,21.8,31.7,0,,,9.3,,1014.6,
2024-05-08 00:00:00,25.5,22.5,30,0,,,13.4,,1014.8,
2024-05-09 00:00:00,23,20.6,29.1,0,,,17.6,,1017.3,
2024-05-10 00:00:00,23.4,19.9,28,0,,,9.8,,1016.6,
2024-05-11 00:00:00,25.5,20.9,30,0,,,8.4,,1014.2,
2024-05-12 00:00:00,26.7,24.1,31,2.2,,,9,,1011.1,
2024-05-13 00:00:00,20.3,17.3,29.4,0,,,17.6,,1013.5,
2024-05-14 00:00:00,22.9,19,27,0,,,13.6,,1014.8,
2024-05-15 00:00:00,23.4,18.3,29,0,,,8.1,,1015.3,
2024-05-16 00:00:00,23.8,21.2,28,0,,,17,,1016.4,
2024-05-17 00:00:00,23.7,20,29,0,,,8.5,,1013.4,
2024-05-18 00:00:00,24.9,21.1,29,0,,,8.7,,1010.8,
2024-05-19 00:00:00,25.1,23.2,29,0,,,11.4,,1009.6,
2024-05-20 00:00:00,22.7,20.1,27.5,29.7,,,8.9,,1009.9,
2024-05-21 00:00:00,22.4,21,23.9,42.4,,,9.2,,1010.6,
2024-05-22 00:00:00,22,20.3,23,14.2,,,10.6,,1011,
2024-05-23 00:00:00,22.1,20.2,24,13,,,5.1,,1010.6,
2024-05-24 00:00:00,23.1,21.6,25,34.7,,,4.6,,1011.3,
2024-05-25 00:00:00,24.8,22.5,28,16.2,,,5.1,,1011,
2024-05-26 00:00:00,24.9,23,28.5,8.4,,,6.3,,1008.9,
2024-05-27 00:00:00,25.8,23.4,28.5,12.4,,,8,,1003.5,
2024-05-28 00:00:00,25.5,22,30,0.2,,,15.3,,1004.1,
2024-05-29 00:00:00,24.4,20.4,29.1,0,,,18.3,,1008.4,
2024-05-30 00:00:00,23.1,20.4,27.8,5.6,,,7.5,,1008.9,
2024-05-31 00:00:00,26,22.5,32,12.4,,,7,,1009.8,
2024-06-01 00:00:00,23.8,20.2,29.8,68.8,,,9.7,,1010.3,
2024-06-02 00:00:00,21.4,20.2,27.9,10.4,,,15.7,,1008.5,
2024-06-03 00:00:00,22.9,19.7,26,0,,,10.9,,1010.2,
2024-06-04 00:00:00,21.6,17.1,26,0.6,,,6.8,,1012.2,
2024-06-05 00:00:00,21.2,16.8,24.4,11.4,,,5.2,,1012.4,
2024-06-06 00:00:00,21.8,20.5,23,2.1,,,7.9,,1010.9,
2024-06-07 00:00:00,24,20.7,28,0,,,7.9,,1009.4,
2024-06-08 00:00:00,25.7,22.2,29,0,,,5.7,,1008.1,
2024-06-09 00:00:00,26.8,23.7,31,0.3,,,6.4,,1009,
2024-06-10 00:00:00,27.9,25.1,31,1.3,,,8.2,,1009,
2024-06-11 00:00:00,28.8,26.2,33,2.6,,,10.7,,1007.4,
2024-06-12 00:00:00,28.9,26.5,34,1.7,,,9.9,,1005.7,
2024-06-13 00:00:00,28.1,26,34,5.5,,,7.5,,1004.1,
2024-06-14 00:00:00,28.1,26,34,9.4,,,9.5,,1003.8,
2024-06-15 00:00:00,28.7,25.9,32,0.5,,,11,,1004.9,
2024-06-16 00:00:00,26.4,25.3,30.5,24.9,,,8.1,,1007,
2024-06-17 00:00:00,28.4,25.6,32,2.1,,,10.8,,1006.9,
2024-06-18 00:00:00,28.6,26.6,32,0.9,,,8.2,,1006.9,
2024-06-19 00:00:00,28.2,24.7,31,28.4,,,9.3,,1006.6,
2024-06-20 00:00:00,29.9,26.5,34,1,,,10.8,,1005.7,
2024-06-21 00:00:00,30.2,26.5,35,0.1,,,10.8,,1005.7,
2024-06-22 00:00:00,30.5,26.7,34,0.2,,,11.2,,1006.4,
2024-06-23 00:00:00,30.4,27.1,34,0.3,,,13,,1007.3,
2024-06-24 00:00:00,29.5,27,33,0.9,,,11.1,,1008.5,
2024-06-25 00:00:00,30.1,27.1,34,1.2,,,13,,1010.2,
2024-06-26 00:00:00,29.4,26.7,32.3,0.5,,,9.3,,1012.2,
2024-06-27 00:00:00,29.6,26,33,1.6,,,8.8,,1012.2,
2024-06-28 00:00:00,29.3,26,32.2,23.9,,,11.2,,1009.8,
2024-06-29 00:00:00,28,26.3,31.2,8.6,,,12.5,,1007.4,
2024-06-30 00:00:00,29.1,26.5,32,2.7,,,13.2,,1006.9,
2024-07-01 00:00:00,29.1,27,32,0.4,,,13.5,,1005.8,
2024-07-02 00:00:00,30.1,27.5,34,0.2,,,17.4,,1007.4,
2024-07-03 00:00:00,30.4,27.1,34,0,,,10.2,,1012.3,
2024-07-04 00:00:00,31,27.5,35,0.9,,,10.6,,1012.2,
2024-07-05 00:00:00,31.4,27.5,35,0.4,,,11.1,,1008.9,
2024-07-06 00:00:00,30.6,27.7,34.1,0,,,14,,1009,
2024-07-07 00:00:00,30.9,27.7,34,0.9,,,10.9,,1009.7,
2024-07-08 00:00:00,29,25,33.3,23.6,,,10.3,,1008.7,
2024-07-09 00:00:00,30,26.7,34,0.2,,,11.5,,1008.4,
2024-07-10 00:00:00,30.2,27,34,0.2,,,10.2,,1008.5,
2024-07-11 00:00:00,30.5,27,35,1.3,,,12,,1006.4,
2024-07-12 00:00:00,30.4,26.3,34.3,7.4,,,10.3,,1004.6,
2024-07-13 00:00:00,31,27.1,35,0,,,12.7,,1005.2,
2024-07-14 00:00:00,31.5,27.6,36,0,,,10,,1008.2,
2024-07-15 00:00:00,31.5,28.1,36,0.1,,,10.3,,1009.4,
2024-07-16 00:00:00,31.2,27.5,35.5,0,,,11.2,,1009.9,
2024-07-17 00:00:00,31,27.7,35,0.5,,,11.3,,1010.3,
2024-07-18 00:00:00,31.1,27.7,35,0,,,10.1,,1010,
2024-07-19 00:00:00,31.8,27.7,36,0,,,11.4,,1008.6,
2024-07-20 00:00:00,32,27.7,36,0,,,10.9,,1008.8,
2024-07-21 00:00:00,31.7,27.5,36,0,,,11.6,,1007.9,
2024-07-22 00:00:00,31.2,28,35.4,0,,,9.3,,1005.8,
2024-07-23 00:00:00,32.3,28.5,37,0.3,,,10.4,,1000.6,
2024-07-24 00:00:00,31.7,25.7,39,5.1,,,10.4,,993.4,
2024-07-25 00:00:00,28.1,25.2,39,41.9,,,22,,982.3,
2024-07-26 00:00:00,26.8,25.2,30.4,82,,,21.3,,990.6,
2024-07-27 00:00:00,27.8,26,31,19.8,,,18.3,,1004.7,
2024-07-28 00:00:00,28.9,25.7,32,17.8,,,13.8,,1009,
2024-07-29 00:00:00,29,25.5,35,4.6,,,7.8,,1007.9,
2024-07-30 00:00:00,29.1,25,33.5,0,,,9.7,,1007.3,
2024-07-31 00:00:00,29.4,26.2,33,1.1,,,11.2,,1008.3,
2024-08-01 00:00:00,30.3,26.7,35,0,,,11.7,,1008,
2024-08-02 00:00:00,31.6,27,37,0,,,11,,1006.7,
2024-08-03 00:00:00,32.2,28.1,37,0,,,8.7,,1006.9,
2024-08-04 00:00:00,31,26.7,36.4,0,,,8.9,,1006.7,
2024-08-05 00:00:00,30.6,27,35,0,,,7.5,,1005.8,
2024-08-06 00:00:00,30.4,27.5,34,0.8,,,8.5,,1005.6,
2024-08-07 00:00:00,30.1,26.7,34,0,,,8.8,,1006,
2024-08-08 00:00:00,29.8,25.7,35,3.3,,,7.3,,1005.6,
2024-08-09 00:00:00,29.9,26,35.3,0,,,7.5,,1004.2,
2024-08-10 00:00:00,29.9,26.3,35.3,0,,,7.4,,1002.7,
2024-08-11 00:00:00,30.2,26.5,34.8,0,,,7.4,,1002.2,
2024-08-12 00:00:00,28.7,26.3,34.3,0,,,7.6,,1002.8,
2024-08-13 00:00:00,29.6,26.7,34,1.4,,,5.8,,1005,
2024-08-14 00:00:00,27.9,24.8,33.7,1.5,,,6.4,,1005.6,
2024-08-15 00:00:00,28.5,25.6,34,9.2,,,7.9,,1004.5,
2024-08-16 00:00:00,28.1,24.8,32.8,0.3,,,9.3,,1005.1,
2024-08-17 00:00:00,27.8,25.7,31,4.6,,,10,,1007.5,
2024-08-18 00:00:00,26.9,24.9,30.2,16,,,6.6,,1006.7,
2024-08-19 00:00:00,27.9,25.5,32,12.5,,,9,,1004.5,
2024-08-20 00:00:00,26.1,24,31.2,9.9,,,11.3,,1006,
2024-08-21 00:00:00,27,24.7,30,20.2,,,10.8,,1008.6,
2024-08-22 00:00:00,28.4,24.6,34,0.5,,,9.3,,1009.6,
2024-08-23 00:00:00,28.8,24.5,33.4,0,,,8.4,,1009.2,
2024-08-24 00:00:00,28.6,24.5,33.4,0,,,8.1,,1008.9,
2024-08-25 00:00:00,28.7,25.1,32,3.2,,,8.7,,1008,
2024-08-26 00:00:00,29,25.5,33,2,,,7.4,,1006.6,
2024-08-27 00:00:00,29.8,26.2,34,0,,,8.3,,1004.9,
2024-08-28 00:00:00,29.4,25.7,35.2,,,,7.2,,1003.8,
2024-08-29 00:00:00,29.2,25.3,35.7,0.5,,,8.1,,1006.1,
2024-08-30 00:00:00,29.8,26.6,34,,,,7.3,,1007.8,
2024-08-31 00:00:00,30.4,26.2,35,,,,6.5,,1007.8,
2024-09-01 00:00:00,30,26.7,34,,,,7.8,,1006.8,
2024-09-02 00:00:00,30.3,26.1,35,,,,6.6,,1006.3,
2024-09-03 00:00:00,30.7,26.7,36,,,,12.4,,1005.7,
2024-09-04 00:00:00,30.2,27.6,34.7,0,,,16.6,,1003.6,
2024-09-05 00:00:00,30.3,27.6,34,0.9,,,16.8,,1003,
2024-09-06 00:00:00,30.8,28.2,35,4.5,,,20.3,,1006.5,
2024-09-07 00:00:00,28.5,24.9,33.4,13.2,,,10.6,,1010.2,
2024-09-08 00:00:00,28.3,25,32,6.1,,,8.3,,1010,
2024-09-09 00:00:00,28.8,25,33,1.4,,,9.7,,1007.8,
2024-09-10 00:00:00,29.5,26.2,33,1,,,8.2,,1006.8,
2024-09-11 00:00:00,30.1,26,35,0,,,8.2,,1007.4,
2024-09-12 00:00:00,29.8,26.7,34,0,,,9.6,,1007.4,
2024-09-13 00:00:00,30.5,28.2,34,1.6,,,16.2,,1004.7,
2024-09-14 00:00:00,27.3,23.6,32.6,2,,,8.4,,1002.3,
2024-09-15 00:00:00,27.7,23.7,32,13.7,,,13.2,,1002,
2024-09-16 00:00:00,30.3,27.4,35,12.9,,,11.7,,1004.2,
2024-09-17 00:00:00,31.2,28.4,35,0.8,,,20.6,,1004.7,
2024-09-18 00:00:00,30.8,27.3,35,0,,,18.4,,1004.4,
2024-09-19 00:00:00,29.2,24.5,33.5,0,,,8.2,,1003.6,
2024-09-20 00:00:00,28.2,26.1,32.2,2.3,,,11.6,,1004.6,
2024-09-21 00:00:00,29.2,26.3,33,18.2,,,8,,1004.7,
2024-09-22 00:00:00,24.7,22.6,31,61.5,,,13.8,,1006.9,
2024-09-23 00:00:00,24.4,22.6,26.2,36.3,,,12.8,,1011.3,
2024-09-24 00:00:00,25.3,23.9,28,11.2,,,6.2,,1011.4,
2024-09-25 00:00:00,27.7,24.3,33,15.8,,,6.8,,1010.7,
2024-09-26 00:00:00,28.1,25.7,32,3.2,,,9.9,,1010.7,
2024-09-27 00:00:00,27.9,23.9,31,2.8,,,9,,1009.9,
2024-09-28 00:00:00,28.5,25.6,33,0,,,17.2,,1009.8,
2024-09-29 00:00:00,28.6,24.7,32,0,,,16.2,,1008.2,
2024-09-30 00:00:00,30.6,27.4,34,0,,,26.4,,1004.2,
2024-10-01 00:00:00,29.8,26.3,34,0.2,,,21,,1003.3,
2024-10-02 00:00:00,24.6,21.8,31.4,0,,,25.3,,1007.9,
2024-10-03 00:00:00,24.2,21.8,27,0,,,15.9,,1012,
2024-10-04 00:00:00,23.4,21.6,25,0,,,10.5,,1015,
2024-10-05 00:00:00,25.9,21.9,30,0,,,8.7,,1013.9,
2024-10-06 00:00:00,27.8,24.4,32,0,,,9.2,,1013.8,
2024-10-07 00:00:00,27.6,24.1,33,2.8,,,10.4,,1014.1,
2024-10-08 00:00:00,24.4,21.6,31.3,0,,,16,,1015.1,
2024-10-09 00:00:00,24.5,21.6,28,0,,,12.5,,1014.1,
2024-10-10 00:00:00,23.8,21.5,27,0,,,12.9,,1014.1,
2024-10-11 00:00:00,23.8,20.7,28,0,,,16.5,,1014.9,
2024-10-12 00:00:00,24.9,21,29,0,,,13.9,,1016.3,
2024-10-13 00:00:00,26.7,22.8,31,0,,,10,,1015.1,
2024-10-14 00:00:00,27.1,24,31,0,,,9.9,,1014,
2024-10-15 00:00:00,27.5,23.5,32,0,,,10.8,,1014,
2024-10-16 00:00:00,27.1,25,31.3,0,,,15.4,,1015.4,
2024-10-17 00:00:00,27.3,24.3,31,0,,,11.4,,1014.6,
2024-10-18 00:00:00,27.4,24.7,31.5,0,,,7.2,,1013.3,
2024-10-19 00:00:00,28,24.7,33,0,,,11.5,,1014.5,
2024-10-20 00:00:00,24.8,23.3,31.7,0,,,19.8,,1018.1,
2024-10-21 00:00:00,25.1,21,30,0,,,11.1,,1016.1,
2024-10-22 00:00:00,26.8,23.8,32,0,,,14,,1013.9,
2024-10-23 00:00:00,25.4,22.2,30,0,,,22.6,,1011.8,
2024-10-24 00:00:00,24.7,21.4,29.4,0,,,30.1,,1008.9,
2024-10-25 00:00:00,25.4,22.8,28,0,,,21,,1007.4,
2024-10-26 00:00:00,26.9,24.1,32,0,,,7.7,,1008.6,
2024-10-27 00:00:00,26.6,24,31.1,0,,,5.8,,1009.6,
2024-10-28 00:00:00,23.8,21.4,28.7,0,,,16.7,,1010.8,
2024-10-29 00:00:00,24.1,20.9,28,0,,,18.4,,1012.1,
2024-10-30 00:00:00,24.3,20.5,28,0,,,23.2,,1010.5,
2024-10-31 00:00:00,27.8,24.4,30,1.1,,,27.4,,1000.2,
2024-11-01 00:00:00,26.5,21.3,29.3,5.5,,,13.6,,1006.1,
2024-11-02 00:00:00,24.8,21.7,30,0,,,14.6,,1016.8,
2024-11-03 00:00:00,23.9,21,28,0,,,13.2,,1018.4,
2024-11-04 00:00:00,24.4,21,30,0,,,13.4,,1017.8,
2024-11-05 00:00:00,23.3,19.7,28.4,0,,,19.4,,1018.8,
2024-11-06 00:00:00,20.8,16.5,26.5,0,,,25,,1020.8,
2024-11-07 00:00:00,20.8,16.5,25,0,,,21.9,,1020.7,
2024-11-08 00:00:00,22.4,18.5,27,0,,,15,,1018.1,
2024-11-09 00:00:00,23.8,21,27,0,,,9.6,,1017.2,
2024-11-10 00:00:00,24.3,22.3,28,0,,,8.6,,1016.6,
2024-11-11 00:00:00,24.9,21,29,0,,,17.1,,1015.5,
2024-11-12 00:00:00,24.7,22,28,0,,,17.2,,1013.9,
2024-11-13 00:00:00,24.2,22.2,26.7,12.5,,,15.1,,1013.6,
2024-11-14 00:00:00,25.9,23,31,0.9,,,7.7,,1012.3,
2024-11-15 00:00:00,26.7,23,33,0,,,7.2,,1009.2,
2024-11-16 00:00:00,26.2,24,30,0,,,11.7,,1011,
2024-11-17 00:00:00,25.5,23,30,0,,,20.8,,1015.2,
2024-11-18 00:00:00,21.6,20,23,0,,,29.7,,1020.5,
2024-11-19 00:00:00,19.3,18,20,4.8,,,22.4,,1021.2,
2024-11-20 00:00:00,18.9,18,20,2.3,,,9.6,,1019.5,
2024-11-21 00:00:00,19.1,18,22,0,,,13.5,,1018.9,
2024-11-22 00:00:00,19.5,16,23,0,,,15,,1019.6,
2024-11-23 00:00:00,19.4,17,22,0,,,16.5,,1021.4,
2024-11-24 00:00:00,19.9,17.2,23,1.2,,,17.7,,1021.5,
2024-11-25 00:00:00,19.9,17.7,22.5,7.6,,,8,,1019.5,
2024-11-26 00:00:00,20,16.2,24,0.1,,,12.6,,1019.4,
2024-11-27 00:00:00,17.4,13.9,23.6,0,,,13.8,,1021.4,
2024-11-28 00:00:00,17.3,13,22,0,,,11.2,,1021.9,
2024-11-29 00:00:00,15.4,13,21.8,0,,,11.4,,1021.7,
2024-11-30 00:00:00,17.1,11.3,20.1,0,,,9,,1018.8,
2024-12-01 00:00:00,18.3,14,23,0,,,6.5,,1015.5,
2024-12-02 00:00:00,19.2,14,25,0,,,5,,1015.9,
2024-12-03 00:00:00,20.5,16,26,0,,,12.6,,1016.5,
2024-12-04 00:00:00,19.6,16.6,24.8,0,,,17.9,,1017.5,
2024-12-05 00:00:00,19.4,16.6,24,0,,,12.8,,1017.5,
2024-12-06 00:00:00,19.2,16,24,0,,,12.3,,1017.5,
2024-12-07 00:00:00,18.2,15.3,23,0,,,14.2,,1019.2,
2024-12-08 00:00:00,15.6,13.4,21.2,0,,,20.8,,1022.6,
2024-12-09 00:00:00,16.4,13.8,20,0,,,13.6,,1021.5,
2024-12-10 00:00:00,18.6,15.6,24,,,,11.1,,1018.6,
2024-12-11 00:00:00,19.2,16,24,,,,8.1,,1018,
2024-12-12 00:00:00,16.2,14.7,23.6,0,,,18.3,,1019.9,
2024-12-13 00:00:00,16.4,13.7,20,,,,10.8,,1021.7,
2024-12-14 00:00:00,12.2,9.3,18.8,0,,,16,,1026.4,
2024-12-15 00:00:00,12.2,9.3,16,0,,,13.6,,1026.1,
2024-12-16 00:00:00,13.1,10.8,17,0,,,13.6,,1024.2,
2024-12-17 00:00:00,14.3,9.8,20,0,,,10.6,,1022.6,
2024-12-18 00:00:00,14.8,12,19,0,,,17.1,,1022.9,
2024-12-19 00:00:00,11.9,9.1,18.2,0,,,20,,1024.6,
2024-12-20 00:00:00,13.8,9.6,19,0,,,8.2,,1021,
2024-12-21 00:00:00,14.8,11,21,0,,,11.1,,1020.9,
2024-12-22 00:00:00,12.4,9.7,19.7,0,,,22.2,,1024.1,
2024-12-23 00:00:00,13.8,10.8,16,0.3,,,13.5,,1022.7,
2024-12-24 00:00:00,15.6,12.6,19,0.1,,,15,,1022.9,
2024-12-25 00:00:00,17.4,15.1,20,0.2,,,8,,1022.5,
2024-12-26 00:00:00,17.2,14.5,21,0.2,,,12.8,,1023.5,
2024-12-27 00:00:00,16.1,13.5,20,0,,,17.4,,1024.9,
2024-12-28 00:00:00,13.8,10.1,19,0,,,17.1,,1026.1,
2024-12-29 00:00:00,12.2,8.5,17.3,0,,,16.7,,1025.3,
2024-12-30 00:00:00,14.6,8.8,20.2,0,,,6.4,,1022.1,
2024-12-31 00:00:00,15.1,12,21,0,,,12.6,,1020.6,